"store_id;""avg_order_value"""
1;5144.097442528715
2;5330.505224153743
3;5532.188275862061
