"category_id;""category_name"";""category_total_sales"";""sales_contribution_pct"""
"3;""Cruisers Bicycles"";995032.6237000015;12.940792563698377"
"6;""Mountain Bikes"";2715079.533699997;35.31068248687666"
"4;""Cyclocross Bicycles"";711011.8359000003;9.246989957477354"
"2;""Comfort Bicycles"";394020.09810000093;5.124387114545006"
"5;""Electric Bikes"";916684.7800000007;11.921847888935176"
"1;""Children Bicycles"";292189.1982000012;3.8000360120851395"
"7;""Road Bikes"";1665098.487999998;21.65526397638228"
