"store_id;""total_sales"""
1;1605823.0364999974
2;5215751.277499983
3;867542.2436000014
