"store_id;""staff_id"";""total_sales"";""rank_value"""
1;3;853287.3589000016;1
1;2;752535.6776000011;2
2;6;2624120.652999998;1
2;7;2591630.6244999943;2
3;8;463918.3046000002;1
3;9;403623.9390000005;2
